<?xml version="1.0" encoding="UTF-8"?>
<export version="D">
  <design>
    <source>C:\Users\Evert\Documents\Knutselen\Kicad\MBC2512\MBC2512.sch</source>
    <date>29-4-2021 22:56:37</date>
    <tool>Eeschema (5.1.4)-1</tool>
    <sheet number="1" name="/" tstamps="/">
      <title_block>
        <title>Z80-MBC3</title>
        <company/>
        <rev>first</rev>
        <date>12-2020</date>
        <source>MBC2512.sch</source>
        <comment number="1" value=""/>
        <comment number="2" value=""/>
        <comment number="3" value=""/>
        <comment number="4" value=""/>
      </title_block>
    </sheet>
  </design>
  <components>
    <comp ref="R4">
      <value>33</value>
      <footprint>Resistor_THT:R_Axial_DIN0207_L6.3mm_D2.5mm_P10.16mm_Horizontal</footprint>
      <datasheet>~</datasheet>
      <libsource lib="Device" part="R" description="Resistor"/>
      <sheetpath names="/" tstamps="/"/>
      <tstamp>5FE5FE27</tstamp>
    </comp>
    <comp ref="C5">
      <value>100uF</value>
      <footprint>Capacitor_THT:CP_Radial_D6.3mm_P2.50mm</footprint>
      <datasheet>~</datasheet>
      <libsource lib="Device" part="CP_Small" description="Polarized capacitor, small symbol"/>
      <sheetpath names="/" tstamps="/"/>
      <tstamp>5FEE4D46</tstamp>
    </comp>
    <comp ref="C4">
      <value>0.1uF</value>
      <footprint>Capacitor_THT:C_Disc_D5.0mm_W2.5mm_P5.00mm</footprint>
      <datasheet>~</datasheet>
      <libsource lib="Device" part="C_Small" description="Unpolarized capacitor, small symbol"/>
      <sheetpath names="/" tstamps="/"/>
      <tstamp>5FEE5503</tstamp>
    </comp>
    <comp ref="J5">
      <value>SD_MOD</value>
      <footprint>logos:PinSocket_1x06_P2.54mm_Vertical_Module_SDM</footprint>
      <datasheet>~</datasheet>
      <libsource lib="Connector" part="Conn_01x06_Female" description="Generic connector, single row, 01x06, script generated (kicad-library-utils/schlib/autogen/connector/)"/>
      <sheetpath names="/" tstamps="/"/>
      <tstamp>5FF03CE1</tstamp>
    </comp>
    <comp ref="R6">
      <value>-</value>
      <footprint>Resistor_THT:R_Axial_DIN0207_L6.3mm_D2.5mm_P10.16mm_Horizontal</footprint>
      <datasheet>~</datasheet>
      <libsource lib="Device" part="R" description="Resistor"/>
      <sheetpath names="/" tstamps="/"/>
      <tstamp>600EC36C</tstamp>
    </comp>
    <comp ref="R7">
      <value>-</value>
      <footprint>Resistor_THT:R_Axial_DIN0207_L6.3mm_D2.5mm_P10.16mm_Horizontal</footprint>
      <datasheet>~</datasheet>
      <libsource lib="Device" part="R" description="Resistor"/>
      <sheetpath names="/" tstamps="/"/>
      <tstamp>600EC67D</tstamp>
    </comp>
    <comp ref="J6">
      <value>RTC-MOD</value>
      <footprint>Connector_PinSocket_2.54mm:PinSocket_1x06_P2.54mm_Vertical_RTC</footprint>
      <datasheet>~</datasheet>
      <libsource lib="Connector" part="Conn_01x06_Female" description="Generic connector, single row, 01x06, script generated (kicad-library-utils/schlib/autogen/connector/)"/>
      <sheetpath names="/" tstamps="/"/>
      <tstamp>602CAD7B</tstamp>
    </comp>
    <comp ref="J4">
      <value>ICSP</value>
      <footprint>Connector_PinHeader_2.54mm:PinHeader_1x03_P2.54mm_Vertical</footprint>
      <datasheet>~</datasheet>
      <libsource lib="Connector" part="Conn_01x03_Male" description="Generic connector, single row, 01x03, script generated (kicad-library-utils/schlib/autogen/connector/)"/>
      <sheetpath names="/" tstamps="/"/>
      <tstamp>602F6BCB</tstamp>
    </comp>
    <comp ref="~M1">
      <value> </value>
      <footprint>Connector_PinHeader_2.54mm:PinHeader_1x01_P2.54mm_Vertical</footprint>
      <datasheet>~</datasheet>
      <libsource lib="Connector" part="Conn_01x01_Male" description="Generic connector, single row, 01x01, script generated (kicad-library-utils/schlib/autogen/connector/)"/>
      <sheetpath names="/" tstamps="/"/>
      <tstamp>603937F2</tstamp>
    </comp>
    <comp ref="C2">
      <value>0.1uF</value>
      <footprint>Capacitor_THT:C_Disc_D5.0mm_W2.5mm_P5.00mm</footprint>
      <datasheet>~</datasheet>
      <libsource lib="Device" part="C_Small" description="Unpolarized capacitor, small symbol"/>
      <sheetpath names="/" tstamps="/"/>
      <tstamp>5FEF938B</tstamp>
    </comp>
    <comp ref="U1">
      <value>Z80CPU</value>
      <footprint>Package_DIP:DIP-40_W15.24mm_Socket_LongPads</footprint>
      <datasheet>www.zilog.com/manage_directlink.php?filepath=docs/z80/um0080</datasheet>
      <libsource lib="CPU" part="Z80CPU" description="8-bit General Purpose Microprocessor, DIP-40"/>
      <sheetpath names="/" tstamps="/"/>
      <tstamp>5FD5C00B</tstamp>
    </comp>
    <comp ref="U2">
      <value>TC551001BPL-70</value>
      <footprint>Package_DIP:DIP-32_W15.24mm_Socket_LongPads</footprint>
      <datasheet>https://www.alliancememory.com/wp-content/uploads/pdf/AS6C4008.pdf</datasheet>
      <libsource lib="Memory_RAM" part="TC551001BPL-70" description="128K x 8 CMOS RAM, DIP-32"/>
      <sheetpath names="/" tstamps="/"/>
      <tstamp>5FD6805D</tstamp>
    </comp>
    <comp ref="R5">
      <value>22k</value>
      <footprint>Resistor_THT:R_Axial_DIN0207_L6.3mm_D2.5mm_P10.16mm_Horizontal</footprint>
      <datasheet>~</datasheet>
      <libsource lib="Device" part="R" description="Resistor"/>
      <sheetpath names="/" tstamps="/"/>
      <tstamp>60D12EF2</tstamp>
    </comp>
    <comp ref="R11">
      <value>22k</value>
      <footprint>Resistor_THT:R_Axial_DIN0207_L6.3mm_D2.5mm_P10.16mm_Horizontal</footprint>
      <datasheet>~</datasheet>
      <libsource lib="Device" part="R" description="Resistor"/>
      <sheetpath names="/" tstamps="/"/>
      <tstamp>5FD9B69F</tstamp>
    </comp>
    <comp ref="Q1">
      <value>2N3905</value>
      <footprint>Package_TO_SOT_THT:TO-92_Inline</footprint>
      <datasheet>https://www.fairchildsemi.com/datasheets/2N/2N3905.pdf</datasheet>
      <libsource lib="Transistor_BJT" part="2N3905" description="-0.2A Ic, -40V Vce, Small Signal PNP Transistor, TO-92"/>
      <sheetpath names="/" tstamps="/"/>
      <tstamp>5FD7BF93</tstamp>
    </comp>
    <comp ref="R1">
      <value>1k</value>
      <footprint>Resistor_THT:R_Axial_DIN0207_L6.3mm_D2.5mm_P10.16mm_Horizontal</footprint>
      <datasheet>~</datasheet>
      <libsource lib="Device" part="R" description="Resistor"/>
      <sheetpath names="/" tstamps="/"/>
      <tstamp>5FDFC55A</tstamp>
    </comp>
    <comp ref="R3">
      <value>820</value>
      <footprint>Resistor_THT:R_Axial_DIN0207_L6.3mm_D2.5mm_P10.16mm_Horizontal</footprint>
      <datasheet>~</datasheet>
      <libsource lib="Device" part="R" description="Resistor"/>
      <sheetpath names="/" tstamps="/"/>
      <tstamp>600450C1</tstamp>
    </comp>
    <comp ref="A1">
      <value>20k</value>
      <footprint>Potentiometer_THT:Potentiometer_Alpha_RD901F-40-00D_Single_Vertical</footprint>
      <datasheet>~</datasheet>
      <libsource lib="Device" part="R_POT" description="Potentiometer"/>
      <sheetpath names="/" tstamps="/"/>
      <tstamp>603D6AA8</tstamp>
    </comp>
    <comp ref="J1">
      <value>ANIN</value>
      <footprint>Connector_PinHeader_2.54mm:PinHeader_1x03_P2.54mm_Vertical</footprint>
      <datasheet>~</datasheet>
      <libsource lib="Connector" part="Conn_01x03_Male" description="Generic connector, single row, 01x03, script generated (kicad-library-utils/schlib/autogen/connector/)"/>
      <sheetpath names="/" tstamps="/"/>
      <tstamp>6043857E</tstamp>
    </comp>
    <comp ref="S1">
      <value>USER</value>
      <footprint>Button_Switch_THT:SW_PUSH_6mm_H5mm</footprint>
      <datasheet>~</datasheet>
      <libsource lib="Switch" part="SW_Push" description="Push button switch, generic, two pins"/>
      <sheetpath names="/" tstamps="/"/>
      <tstamp>605ABD4D</tstamp>
    </comp>
    <comp ref="U3">
      <value>ATmega4809-PF2</value>
      <footprint>Package_DIP:DIP-40_W15.24mm_Socket_LongPads</footprint>
      <datasheet>http://ww1.microchip.com/downloads/en/DeviceDoc/doc2466.pdf</datasheet>
      <libsource lib="MBC2112-rescue" part="ATmega4809-PF2-MCU_Microchip_ATmega-MBC2020-rescue" description=""/>
      <sheetpath names="/" tstamps="/"/>
      <tstamp>6060511A</tstamp>
    </comp>
    <comp ref="C3">
      <value>0.1uF</value>
      <footprint>Capacitor_THT:C_Disc_D5.0mm_W2.5mm_P5.00mm</footprint>
      <datasheet>~</datasheet>
      <libsource lib="Device" part="C_Small" description="Unpolarized capacitor, small symbol"/>
      <sheetpath names="/" tstamps="/"/>
      <tstamp>60047A7D</tstamp>
    </comp>
    <comp ref="B1">
      <value>Piezo</value>
      <footprint>Buzzer_Beeper:Sounder_17mm</footprint>
      <datasheet>~</datasheet>
      <libsource lib="Device" part="Speaker_Ultrasound" description="Ultrasonic transducer"/>
      <sheetpath names="/" tstamps="/"/>
      <tstamp>601F79E6</tstamp>
    </comp>
    <comp ref="L2">
      <value>LED</value>
      <footprint>LED_THT:LED_D5.0mm</footprint>
      <datasheet>~</datasheet>
      <libsource lib="Device" part="LED" description="Light emitting diode"/>
      <sheetpath names="/" tstamps="/"/>
      <tstamp>6045C7FF</tstamp>
    </comp>
    <comp ref="R2">
      <value>680</value>
      <footprint>Resistor_THT:R_Axial_DIN0207_L6.3mm_D2.5mm_P10.16mm_Horizontal</footprint>
      <datasheet>~</datasheet>
      <libsource lib="Device" part="R" description="Resistor"/>
      <sheetpath names="/" tstamps="/"/>
      <tstamp>608A5F73</tstamp>
    </comp>
    <comp ref="R9">
      <value>150</value>
      <footprint>Resistor_THT:R_Axial_DIN0207_L6.3mm_D2.5mm_P10.16mm_Horizontal</footprint>
      <datasheet>~</datasheet>
      <libsource lib="Device" part="R" description="Resistor"/>
      <sheetpath names="/" tstamps="/"/>
      <tstamp>60BE3702</tstamp>
    </comp>
    <comp ref="L3">
      <value>LED</value>
      <footprint>LED_THT:LED_D5.0mm_YELLOW</footprint>
      <datasheet>~</datasheet>
      <libsource lib="Device" part="LED" description="Light emitting diode"/>
      <sheetpath names="/" tstamps="/"/>
      <tstamp>60057264</tstamp>
    </comp>
    <comp ref="L1">
      <value>LED</value>
      <footprint>LED_THT:LED_D5.0mm</footprint>
      <datasheet>~</datasheet>
      <libsource lib="Device" part="LED" description="Light emitting diode"/>
      <sheetpath names="/" tstamps="/"/>
      <tstamp>5FDFC563</tstamp>
    </comp>
    <comp ref="C1">
      <value>0.1uF</value>
      <footprint>Capacitor_THT:C_Disc_D5.0mm_W2.5mm_P5.00mm</footprint>
      <datasheet>~</datasheet>
      <libsource lib="Device" part="C_Small" description="Unpolarized capacitor, small symbol"/>
      <sheetpath names="/" tstamps="/"/>
      <tstamp>5FDB470C</tstamp>
    </comp>
    <comp ref="J7">
      <value>Conn_01x04_Male</value>
      <footprint>Connector_PinHeader_2.54mm:PinHeader_1x04_P2.54mm_Vertical</footprint>
      <datasheet>~</datasheet>
      <libsource lib="Connector" part="Conn_01x04_Male" description="Generic connector, single row, 01x04, script generated (kicad-library-utils/schlib/autogen/connector/)"/>
      <sheetpath names="/" tstamps="/"/>
      <tstamp>601438F1</tstamp>
    </comp>
    <comp ref="ATN1">
      <value> </value>
      <footprint>Connector_PinHeader_2.54mm:PinHeader_1x01_P2.54mm_Vertical</footprint>
      <datasheet>~</datasheet>
      <libsource lib="Connector" part="Conn_01x01_Male" description="Generic connector, single row, 01x01, script generated (kicad-library-utils/schlib/autogen/connector/)"/>
      <sheetpath names="/" tstamps="/"/>
      <tstamp>6045AD4A</tstamp>
    </comp>
    <comp ref="J2">
      <value>Serial</value>
      <footprint>Connector_PinSocket_2.54mm:PinSocket_1x06_P2.54mm_Vertical</footprint>
      <datasheet>~</datasheet>
      <libsource lib="Connector" part="Conn_01x06_Female" description="Generic connector, single row, 01x06, script generated (kicad-library-utils/schlib/autogen/connector/)"/>
      <sheetpath names="/" tstamps="/"/>
      <tstamp>5FFB0B1B</tstamp>
    </comp>
    <comp ref="R8">
      <value>100</value>
      <footprint>Resistor_THT:R_Axial_DIN0207_L6.3mm_D2.5mm_P10.16mm_Horizontal</footprint>
      <datasheet>~</datasheet>
      <libsource lib="Device" part="R" description="Resistor"/>
      <sheetpath names="/" tstamps="/"/>
      <tstamp>60061494</tstamp>
    </comp>
    <comp ref="S2">
      <value>RESET</value>
      <footprint>Button_Switch_THT:SW_PUSH_6mm_H5mm</footprint>
      <datasheet>~</datasheet>
      <libsource lib="Switch" part="SW_Push" description="Push button switch, generic, two pins"/>
      <sheetpath names="/" tstamps="/"/>
      <tstamp>605AA64C</tstamp>
    </comp>
    <comp ref="J3">
      <value>Connector_Generic_Conn_01x12</value>
      <footprint>Connector_PinHeader_2.54mm:PinHeader_1x12_P2.54mm_Vertical</footprint>
      <libsource lib="Arduino_Pro_Mini-cache" part="Connector_Generic_Conn_01x12" description=""/>
      <sheetpath names="/" tstamps="/"/>
      <tstamp>60CEF236</tstamp>
    </comp>
    <comp ref="JP1">
      <value>-</value>
      <footprint>Jumper:SolderJumper-2_P1.3mm_Open_RoundedPad1.0x1.5mm</footprint>
      <datasheet>~</datasheet>
      <libsource lib="Jumper" part="SolderJumper_2_Open" description="Solder Jumper, 2-pole, open"/>
      <sheetpath names="/" tstamps="/"/>
      <tstamp>60A38D6D</tstamp>
    </comp>
    <comp ref="U4">
      <value>PCF8574</value>
      <footprint>Package_DIP:DIP-16_W7.62mm_Socket_LongPads</footprint>
      <datasheet>http://www.nxp.com/documents/data_sheet/PCF8574_PCF8574A.pdf</datasheet>
      <libsource lib="Interface_Expansion" part="PCF8574" description="8 Bit Port/Expander to I2C Bus, DIP/SOIC-16"/>
      <sheetpath names="/" tstamps="/"/>
      <tstamp>604BF22C</tstamp>
    </comp>
    <comp ref="R10">
      <value>68</value>
      <footprint>Resistor_THT:R_Axial_DIN0207_L6.3mm_D2.5mm_P10.16mm_Horizontal</footprint>
      <datasheet>~</datasheet>
      <libsource lib="Device" part="R" description="Resistor"/>
      <sheetpath names="/" tstamps="/"/>
      <tstamp>601FBD02</tstamp>
    </comp>
  </components>
  <libparts>
    <libpart lib="Arduino_Pro_Mini-cache" part="Connector_Generic_Conn_01x12">
      <footprints>
        <fp>Connector*:*_1x??_*</fp>
      </footprints>
      <fields>
        <field name="Reference">J</field>
        <field name="Value">Connector_Generic_Conn_01x12</field>
      </fields>
      <pins>
        <pin num="1" name="Pin_1" type="passive"/>
        <pin num="2" name="Pin_2" type="passive"/>
        <pin num="3" name="Pin_3" type="passive"/>
        <pin num="4" name="Pin_4" type="passive"/>
        <pin num="5" name="Pin_5" type="passive"/>
        <pin num="6" name="Pin_6" type="passive"/>
        <pin num="7" name="Pin_7" type="passive"/>
        <pin num="8" name="Pin_8" type="passive"/>
        <pin num="9" name="Pin_9" type="passive"/>
        <pin num="10" name="Pin_10" type="passive"/>
        <pin num="11" name="Pin_11" type="passive"/>
        <pin num="12" name="Pin_12" type="passive"/>
      </pins>
    </libpart>
    <libpart lib="CPU" part="Z80CPU">
      <description>8-bit General Purpose Microprocessor, DIP-40</description>
      <docs>www.zilog.com/manage_directlink.php?filepath=docs/z80/um0080</docs>
      <footprints>
        <fp>DIP*</fp>
        <fp>PDIP*</fp>
      </footprints>
      <fields>
        <field name="Reference">U</field>
        <field name="Value">Z80CPU</field>
      </fields>
      <pins>
        <pin num="1" name="A11" type="output"/>
        <pin num="2" name="A12" type="output"/>
        <pin num="3" name="A13" type="output"/>
        <pin num="4" name="A14" type="output"/>
        <pin num="5" name="A15" type="output"/>
        <pin num="6" name="~CLK~" type="input"/>
        <pin num="7" name="D4" type="BiDi"/>
        <pin num="8" name="D3" type="BiDi"/>
        <pin num="9" name="D5" type="BiDi"/>
        <pin num="10" name="D6" type="BiDi"/>
        <pin num="11" name="VCC" type="power_in"/>
        <pin num="12" name="D2" type="BiDi"/>
        <pin num="13" name="D7" type="BiDi"/>
        <pin num="14" name="D0" type="BiDi"/>
        <pin num="15" name="D1" type="BiDi"/>
        <pin num="16" name="~INT~" type="input"/>
        <pin num="17" name="~NMI~" type="input"/>
        <pin num="18" name="~HALT~" type="output"/>
        <pin num="19" name="~MREQ~" type="output"/>
        <pin num="20" name="~IORQ~" type="output"/>
        <pin num="21" name="~RD~" type="output"/>
        <pin num="22" name="~WR~" type="output"/>
        <pin num="23" name="~BUSACK~" type="output"/>
        <pin num="24" name="~WAIT~" type="input"/>
        <pin num="25" name="~BUSRQ~" type="input"/>
        <pin num="26" name="~RESET~" type="input"/>
        <pin num="27" name="~M1~" type="output"/>
        <pin num="28" name="~RFSH~" type="output"/>
        <pin num="29" name="GND" type="power_in"/>
        <pin num="30" name="A0" type="output"/>
        <pin num="31" name="A1" type="output"/>
        <pin num="32" name="A2" type="output"/>
        <pin num="33" name="A3" type="output"/>
        <pin num="34" name="A4" type="output"/>
        <pin num="35" name="A5" type="output"/>
        <pin num="36" name="A6" type="output"/>
        <pin num="37" name="A7" type="output"/>
        <pin num="38" name="A8" type="output"/>
        <pin num="39" name="A9" type="output"/>
        <pin num="40" name="A10" type="output"/>
      </pins>
    </libpart>
    <libpart lib="Connector" part="Conn_01x01_Male">
      <description>Generic connector, single row, 01x01, script generated (kicad-library-utils/schlib/autogen/connector/)</description>
      <docs>~</docs>
      <footprints>
        <fp>Connector*:*</fp>
      </footprints>
      <fields>
        <field name="Reference">J</field>
        <field name="Value">Conn_01x01_Male</field>
      </fields>
      <pins>
        <pin num="1" name="Pin_1" type="passive"/>
      </pins>
    </libpart>
    <libpart lib="Connector" part="Conn_01x03_Male">
      <description>Generic connector, single row, 01x03, script generated (kicad-library-utils/schlib/autogen/connector/)</description>
      <docs>~</docs>
      <footprints>
        <fp>Connector*:*_1x??_*</fp>
      </footprints>
      <fields>
        <field name="Reference">J</field>
        <field name="Value">Conn_01x03_Male</field>
      </fields>
      <pins>
        <pin num="1" name="Pin_1" type="passive"/>
        <pin num="2" name="Pin_2" type="passive"/>
        <pin num="3" name="Pin_3" type="passive"/>
      </pins>
    </libpart>
    <libpart lib="Connector" part="Conn_01x04_Male">
      <description>Generic connector, single row, 01x04, script generated (kicad-library-utils/schlib/autogen/connector/)</description>
      <docs>~</docs>
      <footprints>
        <fp>Connector*:*_1x??_*</fp>
      </footprints>
      <fields>
        <field name="Reference">J</field>
        <field name="Value">Conn_01x04_Male</field>
      </fields>
      <pins>
        <pin num="1" name="Pin_1" type="passive"/>
        <pin num="2" name="Pin_2" type="passive"/>
        <pin num="3" name="Pin_3" type="passive"/>
        <pin num="4" name="Pin_4" type="passive"/>
      </pins>
    </libpart>
    <libpart lib="Connector" part="Conn_01x06_Female">
      <description>Generic connector, single row, 01x06, script generated (kicad-library-utils/schlib/autogen/connector/)</description>
      <docs>~</docs>
      <footprints>
        <fp>Connector*:*_1x??_*</fp>
      </footprints>
      <fields>
        <field name="Reference">J</field>
        <field name="Value">Conn_01x06_Female</field>
      </fields>
      <pins>
        <pin num="1" name="Pin_1" type="passive"/>
        <pin num="2" name="Pin_2" type="passive"/>
        <pin num="3" name="Pin_3" type="passive"/>
        <pin num="4" name="Pin_4" type="passive"/>
        <pin num="5" name="Pin_5" type="passive"/>
        <pin num="6" name="Pin_6" type="passive"/>
      </pins>
    </libpart>
    <libpart lib="Device" part="CP_Small">
      <description>Polarized capacitor, small symbol</description>
      <docs>~</docs>
      <footprints>
        <fp>CP_*</fp>
      </footprints>
      <fields>
        <field name="Reference">C</field>
        <field name="Value">CP_Small</field>
      </fields>
      <pins>
        <pin num="1" name="~" type="passive"/>
        <pin num="2" name="~" type="passive"/>
      </pins>
    </libpart>
    <libpart lib="Device" part="C_Small">
      <description>Unpolarized capacitor, small symbol</description>
      <docs>~</docs>
      <footprints>
        <fp>C_*</fp>
      </footprints>
      <fields>
        <field name="Reference">C</field>
        <field name="Value">C_Small</field>
      </fields>
      <pins>
        <pin num="1" name="~" type="passive"/>
        <pin num="2" name="~" type="passive"/>
      </pins>
    </libpart>
    <libpart lib="Device" part="LED">
      <description>Light emitting diode</description>
      <docs>~</docs>
      <footprints>
        <fp>LED*</fp>
        <fp>LED_SMD:*</fp>
        <fp>LED_THT:*</fp>
      </footprints>
      <fields>
        <field name="Reference">D</field>
        <field name="Value">LED</field>
      </fields>
      <pins>
        <pin num="1" name="K" type="passive"/>
        <pin num="2" name="A" type="passive"/>
      </pins>
    </libpart>
    <libpart lib="Device" part="R">
      <description>Resistor</description>
      <docs>~</docs>
      <footprints>
        <fp>R_*</fp>
      </footprints>
      <fields>
        <field name="Reference">R</field>
        <field name="Value">R</field>
      </fields>
      <pins>
        <pin num="1" name="~" type="passive"/>
        <pin num="2" name="~" type="passive"/>
      </pins>
    </libpart>
    <libpart lib="Device" part="R_POT">
      <description>Potentiometer</description>
      <docs>~</docs>
      <footprints>
        <fp>Potentiometer*</fp>
      </footprints>
      <fields>
        <field name="Reference">RV</field>
        <field name="Value">R_POT</field>
      </fields>
      <pins>
        <pin num="1" name="1" type="passive"/>
        <pin num="2" name="2" type="passive"/>
        <pin num="3" name="3" type="passive"/>
      </pins>
    </libpart>
    <libpart lib="Device" part="Speaker_Crystal">
      <aliases>
        <alias>Speaker_Ultrasound</alias>
      </aliases>
      <description>Crystal speaker/transducer</description>
      <docs>~</docs>
      <fields>
        <field name="Reference">LS</field>
        <field name="Value">Speaker_Crystal</field>
      </fields>
      <pins>
        <pin num="1" name="1" type="input"/>
        <pin num="2" name="2" type="input"/>
      </pins>
    </libpart>
    <libpart lib="Interface_Expansion" part="PCF8574">
      <aliases>
        <alias>PCF8574A</alias>
      </aliases>
      <description>8 Bit Port/Expander to I2C Bus, DIP/SOIC-16</description>
      <docs>http://www.nxp.com/documents/data_sheet/PCF8574_PCF8574A.pdf</docs>
      <footprints>
        <fp>DIP*</fp>
        <fp>PDIP*</fp>
        <fp>SO*</fp>
        <fp>SOIC*</fp>
      </footprints>
      <fields>
        <field name="Reference">U</field>
        <field name="Value">PCF8574</field>
      </fields>
      <pins>
        <pin num="1" name="A0" type="input"/>
        <pin num="2" name="A1" type="input"/>
        <pin num="3" name="A2" type="input"/>
        <pin num="4" name="P0" type="BiDi"/>
        <pin num="5" name="P1" type="BiDi"/>
        <pin num="6" name="P2" type="BiDi"/>
        <pin num="7" name="P3" type="BiDi"/>
        <pin num="8" name="VSS" type="power_in"/>
        <pin num="9" name="P4" type="BiDi"/>
        <pin num="10" name="P5" type="BiDi"/>
        <pin num="11" name="P6" type="BiDi"/>
        <pin num="12" name="P7" type="BiDi"/>
        <pin num="13" name="~INT~" type="openCol"/>
        <pin num="14" name="SCL" type="input"/>
        <pin num="15" name="SDA" type="BiDi"/>
        <pin num="16" name="VDD" type="power_in"/>
      </pins>
    </libpart>
    <libpart lib="Jumper" part="SolderJumper_2_Open">
      <description>Solder Jumper, 2-pole, open</description>
      <docs>~</docs>
      <footprints>
        <fp>SolderJumper*Open*</fp>
      </footprints>
      <fields>
        <field name="Reference">JP</field>
        <field name="Value">SolderJumper_2_Open</field>
      </fields>
      <pins>
        <pin num="1" name="A" type="passive"/>
        <pin num="2" name="B" type="passive"/>
      </pins>
    </libpart>
    <libpart lib="MBC2112-rescue" part="ATmega4809-PF2-MCU_Microchip_ATmega-MBC2020-rescue">
      <footprints>
        <fp>DIP*W15.24mm*</fp>
      </footprints>
      <fields>
        <field name="Reference">U</field>
        <field name="Value">ATmega4809-PF2-MCU_Microchip_ATmega-MBC2020-rescue</field>
        <field name="Footprint">Package_DIP:DIP-40_W15.24mm</field>
      </fields>
      <pins>
        <pin num="1" name="PC0" type="3state"/>
        <pin num="2" name="PC1" type="3state"/>
        <pin num="3" name="PC2" type="3state"/>
        <pin num="4" name="PC3" type="3state"/>
        <pin num="5" name="VDD" type="power_in"/>
        <pin num="6" name="GND" type="power_in"/>
        <pin num="7" name="PC4" type="3state"/>
        <pin num="8" name="PC5" type="3state"/>
        <pin num="9" name="PD0" type="3state"/>
        <pin num="10" name="PD1" type="3state"/>
        <pin num="11" name="PD2" type="3state"/>
        <pin num="12" name="PD3" type="3state"/>
        <pin num="13" name="PD4" type="3state"/>
        <pin num="14" name="PD5" type="3state"/>
        <pin num="15" name="PD6" type="3state"/>
        <pin num="16" name="PD7" type="3state"/>
        <pin num="17" name="AVDD" type="power_in"/>
        <pin num="18" name="GND" type="power_in"/>
        <pin num="19" name="PE0" type="3state"/>
        <pin num="20" name="PE1" type="3state"/>
        <pin num="21" name="PE2" type="3state"/>
        <pin num="22" name="PE3" type="3state"/>
        <pin num="23" name="PF0" type="3state"/>
        <pin num="24" name="PF1" type="3state"/>
        <pin num="25" name="PF2" type="3state"/>
        <pin num="26" name="PF3" type="3state"/>
        <pin num="27" name="PF4" type="3state"/>
        <pin num="28" name="PF5" type="3state"/>
        <pin num="29" name="PF6/RESET" type="3state"/>
        <pin num="30" name="UPDI" type="BiDi"/>
        <pin num="31" name="VDD" type="power_in"/>
        <pin num="32" name="GND" type="power_in"/>
        <pin num="33" name="PA0" type="3state"/>
        <pin num="34" name="PA1" type="3state"/>
        <pin num="35" name="PA2" type="3state"/>
        <pin num="36" name="PA3" type="3state"/>
        <pin num="37" name="PA4" type="3state"/>
        <pin num="38" name="PA5" type="3state"/>
        <pin num="39" name="PA6" type="3state"/>
        <pin num="40" name="PA7" type="3state"/>
      </pins>
    </libpart>
    <libpart lib="Memory_RAM" part="TC551001BPL-70">
      <description>128K x 8 CMOS RAM, DIP-32</description>
      <docs>https://www.alliancememory.com/wp-content/uploads/pdf/AS6C4008.pdf</docs>
      <footprints>
        <fp>DIP*W15.24mm*</fp>
      </footprints>
      <fields>
        <field name="Reference">U</field>
        <field name="Value">TC551001BPL-70</field>
        <field name="Footprint">Package_DIP:DIP-32_W15.24mm</field>
      </fields>
      <pins>
        <pin num="1" name="NC" type="NotConnected"/>
        <pin num="2" name="A16" type="input"/>
        <pin num="3" name="A14" type="input"/>
        <pin num="4" name="A12" type="input"/>
        <pin num="5" name="A7" type="input"/>
        <pin num="6" name="A6" type="input"/>
        <pin num="7" name="A5" type="input"/>
        <pin num="8" name="A4" type="input"/>
        <pin num="9" name="A3" type="input"/>
        <pin num="10" name="A2" type="input"/>
        <pin num="11" name="A1" type="input"/>
        <pin num="12" name="A0" type="input"/>
        <pin num="13" name="DQ0" type="3state"/>
        <pin num="14" name="DQ1" type="3state"/>
        <pin num="15" name="DQ2" type="3state"/>
        <pin num="16" name="VSS" type="power_in"/>
        <pin num="17" name="DQ3" type="3state"/>
        <pin num="18" name="DQ4" type="3state"/>
        <pin num="19" name="DQ5" type="3state"/>
        <pin num="20" name="DQ6" type="3state"/>
        <pin num="21" name="DQ7" type="3state"/>
        <pin num="22" name="~CE" type="input"/>
        <pin num="23" name="A10" type="input"/>
        <pin num="24" name="~OE" type="input"/>
        <pin num="25" name="A11" type="input"/>
        <pin num="26" name="A9" type="input"/>
        <pin num="27" name="A8" type="input"/>
        <pin num="28" name="A13" type="input"/>
        <pin num="29" name="~WR" type="input"/>
        <pin num="30" name="CE2" type="input"/>
        <pin num="31" name="A15" type="input"/>
        <pin num="32" name="VCC" type="power_in"/>
      </pins>
    </libpart>
    <libpart lib="Switch" part="SW_Push">
      <description>Push button switch, generic, two pins</description>
      <docs>~</docs>
      <fields>
        <field name="Reference">SW</field>
        <field name="Value">SW_Push</field>
      </fields>
      <pins>
        <pin num="1" name="1" type="passive"/>
        <pin num="2" name="2" type="passive"/>
      </pins>
    </libpart>
    <libpart lib="Transistor_BJT" part="2N3906">
      <aliases>
        <alias>2N3905</alias>
      </aliases>
      <description>-0.2A Ic, -40V Vce, Small Signal PNP Transistor, TO-92</description>
      <docs>https://www.fairchildsemi.com/datasheets/2N/2N3906.pdf</docs>
      <footprints>
        <fp>TO?92*</fp>
      </footprints>
      <fields>
        <field name="Reference">Q</field>
        <field name="Value">2N3906</field>
        <field name="Footprint">Package_TO_SOT_THT:TO-92_Inline</field>
      </fields>
      <pins>
        <pin num="1" name="E" type="passive"/>
        <pin num="2" name="B" type="input"/>
        <pin num="3" name="C" type="passive"/>
      </pins>
    </libpart>
  </libparts>
  <libraries>
    <library logical="Arduino_Pro_Mini-cache">
      <uri>C:\Program Files\KiCad\share\kicad\template/Arduino_Pro_Mini/Arduino_Pro_Mini-cache.lib</uri>
    </library>
    <library logical="CPU">
      <uri>C:\Program Files\KiCad\share\kicad\library/CPU.lib</uri>
    </library>
    <library logical="Connector">
      <uri>C:\Program Files\KiCad\share\kicad\library/Connector.lib</uri>
    </library>
    <library logical="Device">
      <uri>C:\Program Files\KiCad\share\kicad\library/Device.lib</uri>
    </library>
    <library logical="Interface_Expansion">
      <uri>C:\Program Files\KiCad\share\kicad\library/Interface_Expansion.lib</uri>
    </library>
    <library logical="Jumper">
      <uri>C:\Program Files\KiCad\share\kicad\library/Jumper.lib</uri>
    </library>
    <library logical="MBC2112-rescue">
      <uri>C:\Users\Evert\Documents\Knutselen\Kicad\MBC2512/MBC2112-rescue.lib</uri>
    </library>
    <library logical="Memory_RAM">
      <uri>C:\Program Files\KiCad\share\kicad\library/Memory_RAM.lib</uri>
    </library>
    <library logical="Switch">
      <uri>C:\Program Files\KiCad\share\kicad\library/Switch.lib</uri>
    </library>
    <library logical="Transistor_BJT">
      <uri>C:\Program Files\KiCad\share\kicad\library/Transistor_BJT.lib</uri>
    </library>
  </libraries>
  <nets>
    <net code="1" name="/A0">
      <node ref="U2" pin="12"/>
      <node ref="U1" pin="30"/>
      <node ref="U3" pin="4"/>
    </net>
    <net code="2" name="/RxD">
      <node ref="J2" pin="5"/>
      <node ref="U3" pin="37"/>
    </net>
    <net code="3" name="/TxD">
      <node ref="U3" pin="38"/>
      <node ref="J2" pin="4"/>
    </net>
    <net code="4" name="/D6">
      <node ref="U1" pin="10"/>
      <node ref="U3" pin="15"/>
      <node ref="U2" pin="17"/>
    </net>
    <net code="5" name="/D7">
      <node ref="U2" pin="21"/>
      <node ref="U3" pin="16"/>
      <node ref="U1" pin="13"/>
    </net>
    <net code="6" name="/~RD">
      <node ref="U1" pin="21"/>
      <node ref="U2" pin="24"/>
      <node ref="U3" pin="36"/>
    </net>
    <net code="7" name="/~WR">
      <node ref="U2" pin="29"/>
      <node ref="U3" pin="34"/>
      <node ref="U1" pin="22"/>
    </net>
    <net code="8" name="/CE2">
      <node ref="U2" pin="30"/>
      <node ref="U3" pin="23"/>
    </net>
    <net code="9" name="/wiper">
      <node ref="U3" pin="28"/>
      <node ref="C1" pin="1"/>
      <node ref="A1" pin="2"/>
      <node ref="R9" pin="1"/>
    </net>
    <net code="10" name="/piezo">
      <node ref="R10" pin="1"/>
      <node ref="U3" pin="27"/>
    </net>
    <net code="11" name="/ATN">
      <node ref="J6" pin="5"/>
      <node ref="U3" pin="24"/>
      <node ref="ATN1" pin="1"/>
      <node ref="JP1" pin="1"/>
    </net>
    <net code="12" name="Net-(R8-Pad2)">
      <node ref="S2" pin="1"/>
      <node ref="R8" pin="2"/>
    </net>
    <net code="13" name="Net-(J3-Pad10)">
      <node ref="J3" pin="10"/>
      <node ref="U4" pin="12"/>
    </net>
    <net code="14" name="/D5">
      <node ref="U2" pin="20"/>
      <node ref="U1" pin="9"/>
      <node ref="U3" pin="14"/>
    </net>
    <net code="15" name="Net-(L3-Pad1)">
      <node ref="R3" pin="1"/>
      <node ref="L3" pin="1"/>
    </net>
    <net code="16" name="Net-(L1-Pad2)">
      <node ref="R1" pin="1"/>
      <node ref="L1" pin="2"/>
    </net>
    <net code="17" name="/D2">
      <node ref="U3" pin="11"/>
      <node ref="U2" pin="13"/>
      <node ref="U1" pin="12"/>
    </net>
    <net code="18" name="/D0">
      <node ref="U3" pin="9"/>
      <node ref="U2" pin="14"/>
      <node ref="U1" pin="14"/>
    </net>
    <net code="19" name="/D1">
      <node ref="U3" pin="10"/>
      <node ref="U2" pin="15"/>
      <node ref="U1" pin="15"/>
    </net>
    <net code="20" name="/D3">
      <node ref="U3" pin="12"/>
      <node ref="U1" pin="8"/>
      <node ref="U2" pin="18"/>
    </net>
    <net code="21" name="/A8">
      <node ref="U2" pin="4"/>
      <node ref="U1" pin="38"/>
    </net>
    <net code="22" name="/A9">
      <node ref="U2" pin="3"/>
      <node ref="U1" pin="39"/>
    </net>
    <net code="23" name="/A10">
      <node ref="U2" pin="2"/>
      <node ref="U1" pin="40"/>
    </net>
    <net code="24" name="/A11">
      <node ref="U2" pin="31"/>
      <node ref="U1" pin="1"/>
    </net>
    <net code="25" name="/A12">
      <node ref="U1" pin="2"/>
      <node ref="U2" pin="28"/>
    </net>
    <net code="26" name="/A13">
      <node ref="U1" pin="3"/>
      <node ref="U2" pin="27"/>
    </net>
    <net code="27" name="/A14">
      <node ref="U2" pin="26"/>
      <node ref="U1" pin="4"/>
    </net>
    <net code="28" name="/~IORQ">
      <node ref="U1" pin="20"/>
      <node ref="U3" pin="1"/>
    </net>
    <net code="29" name="/Z80CLK">
      <node ref="R4" pin="2"/>
      <node ref="U3" pin="7"/>
    </net>
    <net code="30" name="/D4">
      <node ref="U3" pin="13"/>
      <node ref="U2" pin="19"/>
      <node ref="U1" pin="7"/>
    </net>
    <net code="31" name="/bank2">
      <node ref="U3" pin="35"/>
      <node ref="U2" pin="25"/>
    </net>
    <net code="32" name="/~WAIT">
      <node ref="U3" pin="39"/>
      <node ref="U1" pin="24"/>
    </net>
    <net code="33" name="/SDA">
      <node ref="J6" pin="3"/>
      <node ref="R6" pin="2"/>
      <node ref="J7" pin="3"/>
      <node ref="U3" pin="25"/>
      <node ref="U4" pin="15"/>
    </net>
    <net code="34" name="/USER">
      <node ref="U3" pin="40"/>
      <node ref="R2" pin="1"/>
      <node ref="S1" pin="1"/>
    </net>
    <net code="35" name="/~INT">
      <node ref="U3" pin="2"/>
      <node ref="U1" pin="16"/>
    </net>
    <net code="36" name="/A1">
      <node ref="U2" pin="11"/>
      <node ref="U1" pin="31"/>
    </net>
    <net code="37" name="/A2">
      <node ref="U2" pin="10"/>
      <node ref="U1" pin="32"/>
    </net>
    <net code="38" name="/A3">
      <node ref="U1" pin="33"/>
      <node ref="U2" pin="9"/>
    </net>
    <net code="39" name="/A4">
      <node ref="U1" pin="34"/>
      <node ref="U2" pin="8"/>
    </net>
    <net code="40" name="/A5">
      <node ref="U2" pin="7"/>
      <node ref="U1" pin="35"/>
    </net>
    <net code="41" name="/A6">
      <node ref="U2" pin="6"/>
      <node ref="U1" pin="36"/>
    </net>
    <net code="42" name="/A7">
      <node ref="U1" pin="37"/>
      <node ref="U2" pin="5"/>
    </net>
    <net code="43" name="Net-(J3-Pad6)">
      <node ref="U4" pin="7"/>
      <node ref="J3" pin="6"/>
    </net>
    <net code="44" name="Net-(J3-Pad7)">
      <node ref="J3" pin="7"/>
      <node ref="U4" pin="9"/>
    </net>
    <net code="45" name="Net-(J3-Pad8)">
      <node ref="U4" pin="10"/>
      <node ref="J3" pin="8"/>
    </net>
    <net code="46" name="Net-(J3-Pad9)">
      <node ref="J3" pin="9"/>
      <node ref="U4" pin="11"/>
    </net>
    <net code="47" name="Net-(J3-Pad5)">
      <node ref="J3" pin="5"/>
      <node ref="U4" pin="6"/>
    </net>
    <net code="48" name="/A15">
      <node ref="U3" pin="33"/>
      <node ref="U1" pin="5"/>
    </net>
    <net code="49" name="UPDI">
      <node ref="J4" pin="2"/>
      <node ref="U3" pin="30"/>
    </net>
    <net code="50" name="+5V">
      <node ref="J3" pin="11"/>
      <node ref="U1" pin="11"/>
      <node ref="A1" pin="1"/>
      <node ref="U1" pin="17"/>
      <node ref="J3" pin="2"/>
      <node ref="U2" pin="32"/>
      <node ref="U3" pin="31"/>
      <node ref="J7" pin="2"/>
      <node ref="L3" pin="2"/>
      <node ref="U1" pin="25"/>
      <node ref="J2" pin="3"/>
      <node ref="Q1" pin="1"/>
      <node ref="J4" pin="3"/>
      <node ref="C2" pin="1"/>
      <node ref="J6" pin="2"/>
      <node ref="J5" pin="2"/>
      <node ref="C5" pin="1"/>
      <node ref="R5" pin="1"/>
      <node ref="C4" pin="1"/>
      <node ref="R7" pin="1"/>
      <node ref="R6" pin="1"/>
      <node ref="J1" pin="3"/>
      <node ref="U4" pin="16"/>
      <node ref="U3" pin="5"/>
      <node ref="B1" pin="1"/>
      <node ref="U3" pin="17"/>
      <node ref="L2" pin="2"/>
    </net>
    <net code="51" name="Net-(J3-Pad3)">
      <node ref="J3" pin="3"/>
      <node ref="U4" pin="4"/>
    </net>
    <net code="52" name="Net-(J3-Pad4)">
      <node ref="J3" pin="4"/>
      <node ref="U4" pin="5"/>
    </net>
    <net code="53" name="/DTR">
      <node ref="C3" pin="1"/>
      <node ref="J2" pin="6"/>
    </net>
    <net code="54" name="Net-(JP1-Pad2)">
      <node ref="U4" pin="13"/>
      <node ref="JP1" pin="2"/>
    </net>
    <net code="55" name="Net-(B1-Pad2)">
      <node ref="B1" pin="2"/>
      <node ref="R10" pin="2"/>
    </net>
    <net code="56" name="Net-(R4-Pad1)">
      <node ref="R4" pin="1"/>
      <node ref="U1" pin="6"/>
    </net>
    <net code="57" name="Net-(U1-Pad23)">
      <node ref="U1" pin="23"/>
    </net>
    <net code="58" name="/~MREQ">
      <node ref="U2" pin="22"/>
      <node ref="U1" pin="19"/>
    </net>
    <net code="59" name="/Z80RESET">
      <node ref="U3" pin="8"/>
      <node ref="U1" pin="26"/>
    </net>
    <net code="60" name="Net-(U1-Pad27)">
      <node ref="~M1" pin="1"/>
      <node ref="U1" pin="27"/>
    </net>
    <net code="61" name="GND">
      <node ref="U3" pin="6"/>
      <node ref="U3" pin="18"/>
      <node ref="S2" pin="2"/>
      <node ref="A1" pin="3"/>
      <node ref="J3" pin="12"/>
      <node ref="C1" pin="2"/>
      <node ref="J2" pin="2"/>
      <node ref="J2" pin="1"/>
      <node ref="L1" pin="1"/>
      <node ref="U2" pin="16"/>
      <node ref="J7" pin="1"/>
      <node ref="J3" pin="1"/>
      <node ref="U1" pin="29"/>
      <node ref="C5" pin="2"/>
      <node ref="C4" pin="2"/>
      <node ref="J4" pin="1"/>
      <node ref="J5" pin="1"/>
      <node ref="J6" pin="1"/>
      <node ref="C2" pin="2"/>
      <node ref="J1" pin="1"/>
      <node ref="U4" pin="3"/>
      <node ref="U4" pin="2"/>
      <node ref="S1" pin="2"/>
      <node ref="U4" pin="1"/>
      <node ref="U3" pin="32"/>
      <node ref="U4" pin="8"/>
    </net>
    <net code="62" name="Net-(J6-Pad6)">
      <node ref="J6" pin="6"/>
    </net>
    <net code="63" name="Net-(U1-Pad28)">
      <node ref="U1" pin="28"/>
    </net>
    <net code="64" name="/MOSI">
      <node ref="U3" pin="19"/>
      <node ref="J5" pin="4"/>
    </net>
    <net code="65" name="/MISO">
      <node ref="J5" pin="3"/>
      <node ref="U3" pin="20"/>
    </net>
    <net code="66" name="/SCK">
      <node ref="J5" pin="5"/>
      <node ref="U3" pin="21"/>
    </net>
    <net code="67" name="/~SS">
      <node ref="R3" pin="2"/>
      <node ref="U3" pin="22"/>
      <node ref="J5" pin="6"/>
    </net>
    <net code="68" name="/SCL">
      <node ref="R7" pin="2"/>
      <node ref="U4" pin="14"/>
      <node ref="U3" pin="26"/>
      <node ref="J6" pin="4"/>
      <node ref="J7" pin="4"/>
    </net>
    <net code="69" name="/reset">
      <node ref="R8" pin="1"/>
      <node ref="C3" pin="2"/>
      <node ref="R5" pin="2"/>
      <node ref="U3" pin="29"/>
    </net>
    <net code="70" name="Net-(J1-Pad2)">
      <node ref="R9" pin="2"/>
      <node ref="J1" pin="2"/>
    </net>
    <net code="72" name="Net-(L2-Pad1)">
      <node ref="R2" pin="2"/>
      <node ref="L2" pin="1"/>
    </net>
    <net code="73" name="Net-(U2-Pad1)">
      <node ref="U2" pin="1"/>
    </net>
    <net code="74" name="Net-(Q1-Pad2)">
      <node ref="Q1" pin="2"/>
      <node ref="R11" pin="1"/>
    </net>
    <net code="75" name="/bank1">
      <node ref="U3" pin="3"/>
      <node ref="U2" pin="23"/>
    </net>
    <net code="76" name="/~HALT">
      <node ref="U1" pin="18"/>
      <node ref="R11" pin="2"/>
    </net>
    <net code="77" name="Net-(Q1-Pad3)">
      <node ref="Q1" pin="3"/>
      <node ref="R1" pin="2"/>
    </net>
  </nets>
</export>
